evidenceSupplementId,unvCd,universityName,collectionYears,detectedAdmissionYears,evidenceTarget,evidenceRole,evidenceTypes,sourceUrl,attachmentUrl,rawPath,sourcePath,sourceLabel,sourceDocumentKinds,sourceLinkRoles,textPreview,reviewPriorityScore,note,reviewStatus
55e0e6a6bda6c8326c0a0cedddd696c7,0000104,동신대학교,2027,2027,AdmissionRule,recruitment_quota_table,manual_source|pdf_text,https://ipsi.dsu.ac.kr/ipsi/index.php?idx=11229&mode=view&pCode=notice,https://ipsi.dsu.ac.kr/ipsi/index.php?pCode=notice&mode=fdn&idx=11229&num=1,.reference-data/raw/university-admission-sites/manual-p0-20260614/dsu_2027_plan_changed.pdf,.reference-data/raw/university-admission-sites/manual-p0-20260614/dsu_2027_plan_changed.txt,manual_p0_dsu_2027_plan_changed,manual_pdf,recruitment_notice,2027학년도 대학입학전형시행계획 변경 공식 PDF. 모집단위 및 모집인원 변경을 공지.,92,2027학년도 대학입학전형시행계획 변경 공식 PDF. 모집단위 및 모집인원 변경을 공지.,needs_human_verification
b8312ef26be41d96ef8967551898b375,0000113,배재대학교,2027,2027,AdmissionRule,recruitment_quota_table,manual_source|pdf_text,https://enter.pcu.ac.kr/enter/article/ATCL13b663a5b/102799619,https://enter.pcu.ac.kr/attach/75ebe31e6384401236b6c26ae8896002/13055e35ba7465cb478c5b4be490c5a8,.reference-data/raw/university-admission-sites/manual-p0-20260614/pcu_2027_plan.pdf,.reference-data/raw/university-admission-sites/manual-p0-20260614/pcu_2027_plan.txt,manual_p0_pcu_2027_plan,manual_pdf,recruitment_notice,2027학년도 대학입학전형 시행계획 공식 첨부 PDF. 모집단위별 입학정원 표 포함.,92,2027학년도 대학입학전형 시행계획 공식 첨부 PDF. 모집단위별 입학정원 표 포함.,needs_human_verification
0d02de691a7fd3ff75cca37dfc0d340a,0000144,신라대학교,2027,2027,AdmissionRule,recruitment_quota_table,manual_source|pdf_text,https://ipsi.silla.ac.kr/ipsi/?idx=1687&mode=view&pCode=inotice,https://ipsi.silla.ac.kr/ipsi/index.php?pCode=inotice&mode=fdn&idx=1687&num=1,.reference-data/raw/university-admission-sites/manual-p0-20260614/silla_2027_susi_guide.pdf,.reference-data/raw/university-admission-sites/manual-p0-20260614/silla_2027_susi_guide.txt,manual_p0_silla_2027_susi_guide,manual_pdf,recruitment_notice,2027학년도 수시모집요강 공식 PDF. 전형별 모집인원 표 포함.,92,2027학년도 수시모집요강 공식 PDF. 전형별 모집인원 표 포함.,needs_human_verification
b1c1ff58f94a3af3cfb9ef8d63db121d,0000258,전주교육대학교,2027,2027,AdmissionRule,recruitment_quota_table,manual_source|pdf_text,https://www.jnue.kr/portal/enter/bbs/view.do?boardSeq=14319&menuId=M0007000100000000,https://portal.jnue.kr/ext/html5fileupload/fileDownload.do?fileId=19e7cd4142396&fileSeq=1&fileStoreDir=bbs,.reference-data/raw/university-admission-sites/manual-p0-20260614/jnue_2027_susi_guide.pdf,.reference-data/raw/university-admission-sites/manual-p0-20260614/jnue_2027_susi_guide.txt,manual_p0_jnue_2027_susi_guide,manual_pdf,recruitment_notice,2027학년도 신입생 수시 모집요강 공식 PDF. 모집단위 및 입학정원 표 포함.,92,2027학년도 신입생 수시 모집요강 공식 PDF. 모집단위 및 입학정원 표 포함.,needs_human_verification
55679daf01f0ee2707380fff93e7b5c0,0000262,춘천교육대학교,2027,2027,AdmissionRule,recruitment_quota_table,manual_source|pdf_image,https://www.cnue.ac.kr/enter/susi/guide.do,https://www.cnue.ac.kr/_res/cnue/enter/etc/cnue-applicant-susi-2027.pdf,.reference-data/raw/university-admission-sites/manual-p0-20260614/cnue_2027_susi_guide.pdf,.reference-data/raw/university-admission-sites/manual-p0-20260614/cnue_2027_susi_guide.pdf,manual_p0_cnue_2027_susi_guide,manual_pdf,recruitment_notice,2027학년도 수시모집요강 공식 PDF. 이미지형 원문.,92,2027학년도 수시모집요강 공식 PDF. 이미지형 원문.,needs_human_verification
b3f18e0ff4cd86cb100b871ab0557973,0000080,극동대학교,2027,2027,AdmissionRule,implementation_plan,manual_source|pdf_text,https://ipsi.kdu.ac.kr/ipsi/sub.do?mncd=1358&mode=view&no=526272071,https://ipsi.kdu.ac.kr/ipsi/board/download.do?mncd=1358&fno=34494&bid=00000519&did=00052627,.reference-data/raw/university-admission-sites/manual-p0-20260614/kdu_2027_plan_changed.pdf,.reference-data/raw/university-admission-sites/manual-p0-20260614/kdu_2027_plan_changed.txt,manual_p0_kdu_2027_plan_changed,manual_pdf,implementation_plan,2027학년도 대학입학전형시행계획 변경발표 공식 PDF.,92,2027학년도 대학입학전형시행계획 변경발표 공식 PDF.,needs_human_verification
6281cc543fc2e62ab7e652f7a3f5f9b2,0000247,한국공학대학교,2027,2027,AdmissionRule,implementation_plan,manual_source|pdf_text,https://iphak.tukorea.ac.kr/guide/notice.htm?bbsid=notice&bltn_seq=12585&mode=view,https://iphak.tukorea.ac.kr/bbs/filedown.php?bbsid=notice&file_seq=1931&save_file_nm=notice_20250710135346_7098.pdf,.reference-data/raw/university-admission-sites/manual-p0-20260614/tukorea_2027_plan.pdf,.reference-data/raw/university-admission-sites/manual-p0-20260614/tukorea_2027_plan.txt,manual_p0_tukorea_2027_plan,manual_pdf,implementation_plan,2027학년도 대학입학전형 시행계획 공식 PDF.,92,2027학년도 대학입학전형 시행계획 공식 PDF.,needs_human_verification
c9402cec0323be23ff825caa6c779613,0000080,극동대학교,2027,2027,AdmissionSchedule,schedule_and_registration,manual_source|pdf_text,https://ipsi.kdu.ac.kr/ipsi/sub.do?mncd=1358&mode=view&no=526272071,https://ipsi.kdu.ac.kr/ipsi/board/download.do?mncd=1358&fno=34494&bid=00000519&did=00052627,.reference-data/raw/university-admission-sites/manual-p0-20260614/kdu_2027_plan_changed.pdf,.reference-data/raw/university-admission-sites/manual-p0-20260614/kdu_2027_plan_changed.txt,manual_p0_schedule_from_existing_source_0000080_2027,manual_pdf,implementation_plan,"◈ 2027학년도 극동대학교 대학입학전형계획 ◈ 2 전형 일정 구분 일시 장소 비고 2026. 09. 07(월) ~ 09. 11(금) 원서접수 인터넷, 창구 중 3일 이상 전형기간 2026. 09. 12(토) ~ 12. 17(목)(97일) 본교 지정 고사장 본교입학홈페이지(http://ipsi.kdu.ac.kr) 합격자 발표 2026. 12. 18(금)까지 및 개별통보(충원) 합격자 문서등록 수시 (최초합격자) 2026. 12. 21(월) ~ 12. 23(수)(3일) 본교 입학홈페이지(http://ipsi.kdu.ac.kr) 문서등록(예치금과 동일 효과), 미등록 충원 2026. 12. 24(목) ~ 12. 29(화) 홈페이지 발표 14시까지, 본 등록기간에 합격통보 마감 (합격자 발표 18시까지) 14~18시 까지는 개별통보만 가능 반드시 등록금을 납부하여야 함 미등록 충원 등록 마감 2026. 12. 30(수) 22시까지 본 등록 2027. 02. 10(수) ~ 02. 12(금)",94,기수집 공식 입학처 원문에서 2027학년도 전형일정/원서접수/합격자 발표 일정 신호와 날짜를 추출해 AdmissionSchedule draft 생성을 위한 수동 evidence로 보강.,needs_human_verification
3349bf7cb0ab5ffb5571367d5ceac47f,0000144,신라대학교,2027,2027,AdmissionSchedule,schedule_and_registration,manual_source|pdf_text,https://ipsi.silla.ac.kr/ipsi/?idx=1687&mode=view&pCode=inotice,https://ipsi.silla.ac.kr/ipsi/index.php?pCode=inotice&mode=fdn&idx=1687&num=1,.reference-data/raw/university-admission-sites/manual-p0-20260614/silla_2027_susi_guide.pdf,.reference-data/raw/university-admission-sites/manual-p0-20260614/silla_2027_susi_guide.txt,manual_p0_schedule_from_existing_source_0000144_2027,manual_pdf,recruitment_notice,"외) ‘◎’는 정원제한 없음 ※ 교직 학과(부) 입학자는 교직과정 이수자에 한해 중등학교 2급 정교사 자격증 취득 가능함 2027 SILLA UNIVERSITY 9 Ⅳ 전형일정 및 원서접수 01 전형일정 구분 일정 비고 원서접수(인터넷 접수) 2026. 9. 7.(월) ~ 9. 11.(금) 18시까지 입학홈페이지, 진학어플라이 서류제출(해당자만) 2026. 9. 7.(월) ~ 9. 18.(금) 17시까지 등기우편 또는 방문 제출 대기실/입실시간 안내 2026. 9. 29.(화) 16시 실기우수자 (체육학부) 실기고사 2026. 10. 7.(수) ~ 10. 8.(목) 입학홈페이지 공지 대기실/입실시간 안내 2026. 10. 14.(수) 16시 면접우수자 지역인재 특수교육대상자 면접고사 2026. 10. 17.(토) 합격 전 전형 2026. 11. 13.(금) 16시 입학홈페이지 개별 조회 발표 최초 합격증 출력 2026. 11. 13.(금) ~ 12. 23.(수) 입학홈페이지 개별 출",94,기수집 공식 입학처 원문에서 2027학년도 전형일정/원서접수/합격자 발표 일정 신호와 날짜를 추출해 AdmissionSchedule draft 생성을 위한 수동 evidence로 보강.,needs_human_verification
fa924e19a2657640be33cc85b8c2512d,0000233,화성의과학대학교,2023,2021,AdmissionRule,csat_reflection_rule,manual_source|xlsx_row,https://www.hsmu.ac.kr/admission/contents/AMS40100000.do?schM=view&id=450,https://www.hsmu.ac.kr/afile/fileDownload/ODljMGFmNTVlZGJmZjczMGU0MWY1YzBmOWY2ODE0MzY=,.reference-data/raw/university-admission-sites/2023/0000233/attachments/7efd256d205f9af5.xlsx,packages/reference-data/data/public/university-admission-sites/extracted-gap-manual-hsmu-20260609/workbook-sheets/2023/0000233/0002_46b2d0aea52c3989/01_정시.csv,manual_p0_hsmu_2021_csat_reflection_from_result_page,xlsx,admission_result,2021학년도 정시 일반전형은 수능 80% 교과 20%이며 수능은 표준점수로 환산한다고 공식 입시결과 XLSX 원문에 명시.,134,공식 입시결과 원문 행에 포함된 2021 정시 전형요소/수능 활용지표 문구를 AdmissionRule csat_reflection evidence로 보강.,needs_human_verification
anyang-0000148-2025-adiga-csat-rule,0000148,안양대학교,2025,2025,AdmissionRule,csat_reflection_rule,manual_source|adiga_table,https://www.adiga.kr/ucp/uvt/uni/univDetailSelection.do?menuId=PCUVTINF2000&searchSyr=2025&unvCd=0000147,,.reference-data/raw/adiga/2025/0000147/selection.html,packages/reference-data/data/public/adiga/extracted/adiga_extracted_tables_2025.jsonl,manual_p0_anyang_0000148_2025_csat_rule_from_adiga,adiga_selection_html,adiga_selection,"ADIGA 2025 안양대학교 수능위주전형 주요사항 tableIndex 24에 수능 성적 산출방법이 있으며 인문사회계열은 백분위 국어 40% 영어 30% 탐구 30%, 자연과학·공학계열은 백분위 수학 40% 영어 30% 탐구 30%, 자유전공은 4개 영역 중 우수 3개 영역 100% 및 탐구 최고점 1과목 반영으로 제시된다.",142,0000148 제2캠퍼스 gap이 남았지만 동일 안양대학교 2025 ADIGA selection의 0000147 원천에 수능위주전형 반영비율 표가 구조화되어 있어 캠퍼스 중복 누락을 수동 evidence로 보강한다.,needs_human_verification
ysu-0003194-2027-official-susi-csat-minimum-none,0003194,영산대학교,2027,2027,AdmissionRule,csat_reflection_rule,manual_source|pdf_text,https://ipsi.ysu.ac.kr/ipsi/CMS/Board/Board.do?mCode=MN021&mode=view&mgr_seq=395&board_seq=641474,https://ipsi.ysu.ac.kr/ipsi/ajx_json/UploadMgr/downloadRun.do?qcode=Qm9hcmQsMzkxMzE2LFk=,.reference-data/raw/university-admission-sites/2027/0003193/attachments/af7d3a619ec1bfa3.pdf,packages/reference-data/data/public/university-admission-sites/extracted-gap-homepage-related-detail-high-value-20260608/pdf-text/2027/af/af7d3a619ec1bfa3.txt,manual_p0_ysu_0003194_2027_official_susi_csat_minimum_none,manual_pdf,recruitment_notice,"2027학년도 영산대학교 수시모집요강 공식 PDF의 전형별 지원자격 및 반영비율 구간에 수능 최저학력기준 : 없음이 반복 명시되어 있으며, 모집요강은 해운대/양산 캠퍼스 모집단위를 함께 다루는 중앙 입학처 원문이다. 본교에 원서를 제출하는 것으로 대학수학능력시험 성적자료 온라인 제공에 동의한 것으로 본다는 안내도 포함된다.",142,0003194 영산대학교 캠퍼스 코드에 같은 중앙 입학처 2027 수시모집요강의 수능 관련 규칙 evidence가 연결되지 않아 남은 P0를 수동 보강한다. 정시 환산식이 아니라 수시 수능 최저학력기준 없음 근거로 한정한다.,needs_human_verification
kdu-0002744-2022-official-result-csat-rule,0002744,경동대학교,2021,2022,AdmissionRule,csat_reflection_rule,manual_source|pdf_text,https://www.kduniv.ac.kr/iphak/CMS/Board/Board.do?mCode=MN032&mode=view&mgr_seq=13&board_seq=49588,,,packages/reference-data/data/public/university-admission-sites/extracted/pdf-text/2021/a5/a552afe41a558317.txt,manual_p0_kdu_2022_csat_rule_from_official_result_pdf,pdf,admission_result,"2022학년도 경동대학교 공식 정시 입시결과 PDF에 전형방법은 수능 70% + 학생부 30% 합산 반영이며, 수능 성적반영방법은 국어, 수학, 영어 3개 과목 + 탐구영역 중 1개 과목의 평균 등급을 반영한다고 명시되어 있다.",142,foundation gap source candidate가 같은 연도 공식 입시결과 PDF를 csat_reflection 후보로 잡았으나 draft 자동 승격이 되지 않아 수동 evidence로 보강한다.,needs_human_verification
kdu-0002744-2023-official-result-csat-rule,0002744,경동대학교,2021,2023,AdmissionRule,csat_reflection_rule,manual_source|pdf_text,https://www.kduniv.ac.kr/iphak/CMS/Board/Board.do?mCode=MN032&mode=view&mgr_seq=13&board_seq=54493,,,packages/reference-data/data/public/university-admission-sites/extracted/pdf-text/2021/c0/c0240ba77f1324a8.txt,manual_p0_kdu_2023_csat_rule_from_official_result_pdf,pdf,admission_result,"2023학년도 경동대학교 공식 정시 입시결과 PDF에 전형방법은 수능 70% + 학생부 30% 합산 반영이며, 수능 성적반영방법은 국어, 수학, 영어 3개 과목 + 탐구영역 중 1개 과목의 평균 등급을 반영한다고 명시되어 있다.",142,foundation gap source candidate가 같은 연도 공식 입시결과 PDF를 csat_reflection 후보로 잡았으나 draft 자동 승격이 되지 않아 수동 evidence로 보강한다.,needs_human_verification
kdu-0002744-2024-official-result-csat-rule,0002744,경동대학교,2021,2024,AdmissionRule,csat_reflection_rule,manual_source|pdf_text,https://www.kduniv.ac.kr/iphak/CMS/Board/Board.do?mCode=MN032&mode=view&mgr_seq=13&board_seq=60546,,,packages/reference-data/data/public/university-admission-sites/extracted/pdf-text/2021/a0/a0097b28d62e19c8.txt,manual_p0_kdu_2024_csat_rule_from_official_result_pdf,pdf,admission_result,"2024학년도 경동대학교 공식 정시 입시결과 PDF에 전형방법은 수능 70% + 학생부 30% 합산 반영이며, 수능 성적반영방법은 국어, 수학, 영어 3개 과목 + 탐구영역 중 1개 과목의 평균 등급을 반영한다고 명시되어 있다.",142,foundation gap source candidate가 같은 연도 공식 입시결과 PDF를 csat_reflection 후보로 잡았으나 draft 자동 승격이 되지 않아 수동 evidence로 보강한다.,needs_human_verification
direct-2027-office-evidence-0000012-mmu-plan,0000012,국립목포해양대학교,2027,2027,AdmissionRule,implementation_plan,manual_source|official_html,https://www.mmu.ac.kr/admission/contents/planMenu2027,,.reference-data/raw/university-admission-sites/2027/0000012/admission-homepage-failed_homepage_retry_curl_fallback_20260612.html,,manual_p0_2027_direct_office_evidence_0000012_mmu_plan,html,implementation_plan,"국립목포해양대학교 입학처 공식 홈페이지 메뉴에 2027학년도 입학 기본계획, 2027학년도 수시, 2027학년도 정시 모집요강 링크가 명시되어 있다.",130,공식 입학처 페이지가 2027학년도 입학 기본계획/모집요강 존재를 직접 확인하므로 detected-year evidence 보강.,needs_human_verification
direct-2027-office-evidence-0000072-cku-susi-guide,0000072,가톨릭관동대학교,2027,2027,AdmissionRule,recruitment_notice,manual_source|official_html,https://ipsi.cku.ac.kr/bbs/iphak/1059/365245/artclView.do?layout=unknown,,.reference-data/raw/university-admission-sites/2027/0000072/attachments/fe200153ed3ebaeb.html,,manual_p0_2027_direct_office_evidence_0000072_cku_susi,html,recruitment_notice,가톨릭관동대학교 입학처 공식 HTML에 2027학년도 수시 모집요강 게시글 링크와 제목이 명시되어 있다.,130,공식 입학처 게시판의 2027학년도 수시 모집요강 링크를 detected-year evidence로 보강.,needs_human_verification
direct-2027-office-evidence-0000079-gangseo-plan,0000079,강서대학교,2027,2027,AdmissionRule,implementation_plan,manual_source|official_html,https://entrance.gangseo.ac.kr/kcui/boardView?menuCode=MC0803&boardNum=1531,,.reference-data/raw/university-admission-sites/2027/0000079/admission-homepage-manual_homepage_seeds_20260612.html,,manual_p0_2027_direct_office_evidence_0000079_gangseo_plan,html,implementation_plan,"강서대학교 입학처 공식 홈페이지에 2027 강서대학교 수시모집, 2027 강서대학교 정시모집, 2027학년도 대학입학전형계획(안) 수정 링크가 명시되어 있다.",130,공식 입학처 2027 전형계획/모집요강 링크를 detected-year evidence로 보강.,needs_human_verification
direct-2027-office-evidence-0000084-daegu-plan,0000084,대구대학교,2027,2027,AdmissionRule,implementation_plan,manual_source|official_html,https://ipsi.daegu.ac.kr/kor/article/ATCL21/17596?mno=&pageIndex=1&searchCategory=&searchCondition=1&searchKeyword=,,.reference-data/raw/university-admission-sites/2027/0000084/attachments/2c981a0b7c561b01.html,,manual_p0_2027_direct_office_evidence_0000084_daegu_plan,html,implementation_plan,대구대학교 입학처 공식 홈페이지 모집요강 영역에 2027학년도 입학전형계획 링크가 명시되어 있다.,130,공식 입학처 2027학년도 입학전형계획 링크를 detected-year evidence로 보강.,needs_human_verification
direct-2027-office-evidence-0000097-daejin-susi-guide,0000097,대진대학교,2027,2027,AdmissionRule,recruitment_notice,manual_source|official_html,https://admission.daejin.ac.kr/detail.do?menuurl=kzVEfrpisRbR9lks5Jqg8A%3d%3d&board_seq=10282&pageNo=1&categoryid=0&userpwd=,,.reference-data/raw/university-admission-sites/2027/0000097/attachments/7053f7b99638bed3.html,,manual_p0_2027_direct_office_evidence_0000097_daejin_susi,html,recruitment_notice,대진대학교 입학처 공식 모집요강 게시판에 2027학년도 수시모집 모집요강 게시글이 공지로 노출되어 있다.,130,공식 입학처 2027학년도 수시모집 모집요강 게시글을 detected-year evidence로 보강.,needs_human_verification
direct-2027-office-evidence-0000117-smu-plan,0000117,상명대학교,2027,2027,AdmissionRule,implementation_plan,manual_source|official_html,https://admission.smu.ac.kr/_seoul/board/bbs.html?bbsid=seoul_notice&ctg_cd=common&page=1&skey=&keyword=&mode=view&bltn_seq=59942,,.reference-data/raw/university-admission-sites/2027/0000117/link-artifacts-gap_homepage_links/5245864b47b006c2.html,,manual_p0_2027_direct_office_evidence_0000117_smu_plan,html,implementation_plan,상명대학교 입학처 공식 홈페이지 배너에 2027학년도 신입학전형안내 서울/천안 링크가 명시되어 있다.,130,공식 입학처 2027학년도 신입학전형안내 링크를 detected-year evidence로 보강.,needs_human_verification
direct-2027-office-evidence-0000126-swu-plan,0000126,서울여자대학교,2027,2027,AdmissionRule,implementation_plan,manual_source|official_html,http://admission.swu.ac.kr/bbs/board.php?bo_table=notice&wr_id=29262&sca=%EC%88%98%EC%8B%9C,,.reference-data/raw/university-admission-sites/2027/0000126/attachments/4b5c6361d8b0c61a.html,,manual_p0_2027_direct_office_evidence_0000126_swu_plan,html,implementation_plan,서울여자대학교 입학처 공식 공지 HTML에 2027학년도 서울여자대학교 입학전형 안내 및 대학입학전형 시행계획 안내 링크가 명시되어 있다.,130,공식 입학처 2027학년도 입학전형 안내 게시글을 detected-year evidence로 보강.,needs_human_verification
direct-2027-office-evidence-0000175-cau-plan,0000175,중앙대학교,2027,2027,AdmissionRule,implementation_plan,manual_source|official_html,https://admission.cau.ac.kr/detail.do?menuurl=bmyV1ovIAzYtqDXLjUSVtw%3D%3D&board_seq=3051&pageNo=1&categoryid=&userpwd=,,.reference-data/raw/university-admission-sites/2027/0000175/link-artifacts-gap_homepage_links/4087becd1295d2ab.html,,manual_p0_2027_direct_office_evidence_0000175_cau_plan,html,implementation_plan,중앙대학교 입학처 공식 홈페이지에 2027학년도 대학입학전형시행계획(학칙개정 반영) 및 2027학년도 수시 모집요강 링크가 명시되어 있다.,130,공식 입학처 2027학년도 전형시행계획 링크를 detected-year evidence로 보강.,needs_human_verification
direct-2027-office-evidence-0000204-hanyang-erica-susi,0000204,한양대학교(ERICA),2027,2027,AdmissionRule,recruitment_notice,manual_source|official_html,https://goerica.hanyang.ac.kr/admission/html/rolling/guide.asp,,.reference-data/raw/university-admission-sites/2027/0000204/link-artifacts-gap_homepage_links/1d070ec0d76a8a83.html,,manual_p0_2027_direct_office_evidence_0000204_hanyang_erica_susi,html,recruitment_notice,한양대학교 ERICA 입학처 공식 HTML에 2027학년도 수시 모집요강 링크와 2027학년도 재외국민 특별전형 모집요강 링크가 명시되어 있다.,130,공식 입학처 2027학년도 수시 모집요강 링크를 detected-year evidence로 보강.,needs_human_verification
direct-2027-office-evidence-0000211-hoseo-susi,0000211,호서대학교,2027,2027,AdmissionRule,recruitment_notice,manual_source|official_html,https://ipsi.hoseo.ac.kr/submenu.do?menuurl=7dcKmGI5ZvQB9F1mAEBAGg%3d%3d&,,.reference-data/raw/university-admission-sites/2027/0000211/attachments/95f95a5618eb7b89.html,,manual_p0_2027_direct_office_evidence_0000211_hoseo_susi,html,recruitment_notice,호서대학교 입학처 공식 홈페이지에 2027학년도 입학전형주요사항 및 2027학년도 수시모집요강 링크가 명시되어 있다.,130,공식 입학처 2027학년도 수시모집요강/입학전형주요사항 링크를 detected-year evidence로 보강.,needs_human_verification
direct-2027-office-evidence-0000095-dju-susi-guide,0000095,대전대학교,2027,2027,AdmissionRule,recruitment_notice,manual_source|official_html,https://ipsi.dju.ac.kr/enter/html/counsel/noticeView.asp?p_board_idx=17881,,.reference-data/raw/university-admission-sites/2027/0000095/link-artifacts-gap_homepage_links/bdea9c8877fbee5b.html,,manual_p0_2027_direct_office_evidence_0000095_dju_susi,html,recruitment_notice,"대전대학교 입학처 공식 HTML에 2027학년도 수시 모집요강, 2027학년도 재외국민과 외국인 특별전형 모집요강, 2027학년도 입학전형계획 링크가 명시되어 있다.",130,공식 입학처 2027학년도 수시 모집요강/입학전형계획 링크를 detected-year evidence로 보강.,needs_human_verification
direct-2027-office-evidence-0000009-kunsan-home,0000009,국립군산대학교,2027,2027,AdmissionRule,recruitment_notice,manual_source|official_html,https://www.kunsan.ac.kr/iphak/index.kunsan,,,,manual_p0_2027_direct_office_evidence_0000009_kunsan_home,html,recruitment_notice,"국립군산대학교 입학처 공식 홈페이지에 2027학년도 대학입학전형시행계획 변경 공지, 2027학년도 신입생 수시모집 요강, 2027학년도 입학전형시행계획 및 수시모집 요강 공지가 노출되어 있다.",130,공식 입학처 메인/공지 영역의 2027학년도 시행계획 및 수시모집요강 항목을 detected-year evidence로 보강.,needs_human_verification
direct-2027-office-evidence-0000028-changwon-plan,0000028,국립창원대학교,2027,2027,AdmissionRule,implementation_plan,manual_source|official_html,https://www.changwon.ac.kr/ipsi/na/ntt/selectNttList.do?mi=4306&bbsId=1641,,,,manual_p0_2027_direct_office_evidence_0000028_changwon_plan,html,implementation_plan,국립창원대학교 입학홈페이지 대입전형계획 게시판에 2027학년도 대학입학전형 시행계획 수정 알림(26.5.28 재공고)이 등록되어 있다.,130,공식 입학처 대입전형계획 게시판의 2027학년도 시행계획 항목을 detected-year evidence로 보강.,needs_human_verification
direct-2027-office-evidence-0000061-dhu-home,0000061,대구한의대학교,2027,2027,AdmissionRule,recruitment_notice,manual_source|official_html,https://ipsi.dhu.ac.kr/,,,,manual_p0_2027_direct_office_evidence_0000061_dhu_home,html,recruitment_notice,대구한의대학교 입학안내 공식 홈페이지에 2027학년도 수시모집 고교방문 입학설명회 신청 안내가 노출되고 수시모집 모집요강 메뉴가 제공된다.,130,공식 입학안내 홈페이지의 2027학년도 수시 관련 안내를 detected-year evidence로 보강.,needs_human_verification
direct-2027-office-evidence-0000180-csu-admission-menu,0000180,총신대학교,2027,2027,admission_office_year_evidence,direct_official_admission_homepage,admission_plan_menu,https://www.csu.ac.kr/,,.reference-data/raw/university-admission-sites/2027/0000180/admission-homepage.html,,총신대학교 입학정보 메뉴: 전형계획 > 2027학년도,admission_plan,official_admission_homepage,MENU_LIST contains 입학정보 > 전형계획 > 2027학년도 and 2028학년도; 수시모집/정시모집 모집요강 menus present.,95,2027 official admission office year evidence from captured official homepage menu.,manual_verified
direct-2027-office-evidence-0000245-namseoul-susi-guide,0000245,남서울대학교,2027,2027,admission_office_year_evidence,direct_official_admission_notice,susi_guide_notice;pdf_attachment,https://www.namseoul.net/detail.do?menuurl=RnNfVbLHUGrJz9kJgEyRDQ==&board_seq=186390&pageNo=1&categoryid=5,https://www.namseoul.net/file/download.do?sfn=20260610030814543_%5b%eb%82%a8%ec%84%9c%ec%9a%b8%eb%8c%80%ed%95%99%ea%b5%90%5d2027%ed%95%99%eb%85%84%eb%8f%84+%ec%88%98%ec%8b%9c%eb%aa%a8%ec%a7%91%ec%9a%94%ea%b0%95.pdf&ofn=%5b%eb%82%a8%ec%84%9c%ec%9a%b8%eb%8c%80%ed%95%99%ea%b5%90%5d2027%ed%95%99%eb%85%84%eb%8f%84+%ec%88%98%ec%8b%9c%eb%aa%a8%ec%a7%91%ec%9a%94%ea%b0%95.pdf,,,2027학년도 남서울대학교 수시 모집요강 공개,susi_recruitment_guide,official_notice;direct_file,2027학년도 남서울대학교 수시 모집요강 공개; 등록일 2026-05-29; 첨부파일 [남서울대학교]2027학년도 수시모집요강.pdf.,95,Official admission notice page directly confirms 2027 recruitment guide.,manual_verified
direct-2027-office-evidence-0000249-changshin-notice-api,0000249,창신대학교,2027,2027,admission_office_year_evidence,direct_official_admission_notice_api,susi_guide_notice;admission_plan_notice,https://admission.cs.ac.kr/api/board/569/list?CATE=,,.reference-data/raw/university-admission-sites/2027/0000249/admission-homepage.html,,창신대학교 입학도우미 공지사항 API,susi_recruitment_guide;admission_plan,official_notice_api,API returns TITLE=2027학년도 대학입학전형 신입생 수시 모집요강 공지 and TITLE=2027학년도 창신대학교 대학입학전형 시행계획 공지(26.5.1. 현재).,95,Official React app board API confirms 2027 guide and plan notices.,manual_verified
direct-2027-office-evidence-0000171-jj-susi-guide,0000171,전주대학교,2027,2027,admission_office_year_evidence,direct_official_admission_guide_page,susi_guide_page;pdf_attachment,https://iphak.jj.ac.kr/iphak/early/guidelines.do,https://iphak.jj.ac.kr/_attach/jj/file/2026/05/dVzavfXtlsifDwkRSTRMbDBLJk.pdf,,,[2027학년도] 수시 모집요강 안내,susi_recruitment_guide,official_admission_page;direct_file,Official admissions page shows [2027학년도] 수시 모집요강 안내; PDF viewer/download points to 2026/05/dVzavfXtlsifDwkRSTRMbDBLJk.pdf.,95,Official Jeonju admissions guide page confirms 2027 recruitment guide.,manual_verified
direct-2027-office-evidence-0000235-tu-susi-guide,0000235,동명대학교,2027,2027,admission_office_year_evidence,direct_official_admission_guide_page,susi_guide_page;pdf_attachment,https://www.tu.ac.kr/iphak/sub01_01.do?mode=view&articleNo=152981&article.offset=0&articleLimit=10,https://www.tu.ac.kr/_attach/tongmyong/file/2026/06/LFHfJbuSZTmKcOdRzoJJJYJJqH,,,2027 수시모집 요강,susi_recruitment_guide,official_admission_page;direct_file,"Official page title/meta: 2027 수시모집 요강 | 입학홈페이지; articleNo=152981; published 2026-05-28, modified 2026-06-09.",95,Official Tongmyong admissions guide page confirms 2027 recruitment guide.,manual_verified
direct-2027-office-evidence-0000200-hansung-susi-guide-api,0000200,한성대학교,2027,2027,admission_office_year_evidence,direct_official_admission_board_api,susi_guide_notice;pdf_attachment;hwp_attachment,https://enter.hansung.ac.kr/?m1=menu00&m2=sub00&board=application&application=1,https://enter.hansung.ac.kr/res/file/download/board//cd8098fa-6bc0-4a5d-9cc0-816a081aa2cc.pdf,,,2027학년도 수시 신입학 모집요강,susi_recruitment_guide,official_admission_page;official_board_api;direct_file,"Official board API /api/board/getBoardContentSummaryList boardId=11 returns title=2027학년도 수시 신입학 모집요강, id=231552, registered_date=2026-05-29, attachment_count=2. Detail API returns 2027학년도 수시모집요강 v2.pdf and hwp.",95,Official Hansung admissions SPA board API confirms 2027 susi recruitment guide and attachments.,manual_verified
hansung-0000200-2021-adiga-recruit-popup-csat-rule,0000200,한성대학교,2021,2021,AdmissionRule,csat_rule,manual_source|adiga_recruit_popup,https://www.adiga.kr/ucp/uvt/uni/univDetailRecruit.do?menuId=PCUVTINF2000&searchSyr=2021&unvCd=0000200,,.reference-data/raw/adiga/2021/0000200/recruit.html,packages/reference-data/data/sources/foundation_manual_admission_unit_0000200_2021_adiga_recruit_popup_evidence.jsonl,manual_p0_hansung_2021_adiga_recruit_popup_csat_rule,adiga_recruit_html,adiga_recruit_popup,"ADIGA 2021 한성대학교 모집인원 subject popup에서 정시 수능위주 일반학생전형 확인. 전형요소 예시: 수능:100, 수능:60 면접:40, 수능:40 실기:60.",90,ADIGA 2021 모집인원 popup 원문 JSONL에 rcmtMmntCdText=수능위주 및 ruSnText 수능 반영 전형요소가 직접 존재하므로 2021 missing_csat_rule_draft 해소용 rule evidence로 보강.,needs_human_verification
ltu-0000108-2021-official-faq-csat-reflection,0000108,루터대학교,2021,2021,AdmissionRule,csat_rule,manual_source|official_admission_faq,http://ltu-admission.ac.kr/board/bbs/board.php?bo_table=503&wr_id=26,,,.reference-data/raw/university-admission-sites/2021/0000108/attachments/519f138b697a48b1.html,manual_p0_ltu_2021_official_faq_csat_reflection,official_admission_faq,official_admission_page,"루터대학교 입학처 정시모집FAQ '수능 시험 반영 영역은 어떻게 되나요?' 답변: 국어 40%, 영어 30%, 탐구 영역 중 사회/과학/직업 중 한 과목 30%.",92,Official LTU admissions FAQ page wr_id=26 fetched on 2026-06-16 confirms 2021-era regular-admission CSAT reflection areas and ratios.,needs_human_verification
direct-2027-office-evidence-0000192-hufs-susi-guide-page,0000192,한국외국어대학교,2027,2027,admission_office_year_evidence,direct_official_admission_guide_page,susi_guide_page;pdf_attachment,https://adms.hufs.ac.kr/cms/FrCon/index.do?MENU_ID=650,https://adms.hufs.ac.kr/ajaxfile/FileCpnt/FileDownload.do?FILE_ORG_NM=2027%25ED%2595%2599%25EB%2585%2584%25EB%258F%2584%2520%25EC%2588%2598%25EC%258B%259C%25EB%25AA%25A8%25EC%25A7%2591%2520%25EB%25AA%25A8%25EC%25A7%2591%25EC%259A%2594%25EA%25B0%2595%28%25ED%2599%2588%25ED%258E%2598%25EC%259D%25B4%25EC%25A7%2580%2520%25EA%25B3%25B5%25EC%25A7%2580%29.pdf&FILE_NM=202605/1780106172399_0.pdf&FILE_SEQ=1&SITE_NO=2&MENU_NO=650&CONTENTS_NO=1,,,2027학년도 수시모집 모집요강(홈페이지 공지).pdf,susi_recruitment_guide,official_admission_page;direct_file,Official HUFS admissions page MENU_ID=650 embeds PDF viewer for 2027학년도 수시모집 모집요강 and PDF download URL FILE_NM=202605/1780106172399_0.pdf; downloaded file verified as PDF.,95,Official HUFS admissions guide page confirms 2027 susi recruitment guide.,manual_verified
kwangshin-0000073-2022-official-regular-quota,0000073,광신대학교,2022,2022,AdmissionRule,recruitment_quota_table,manual_source|pdf_text,https://www.kwangshin.ac.kr/front/boardView.do?menu_no=522&brd_no=35560&brd_mgrno=191&listurl=/front/boardList.do,https://www.kwangshin.ac.kr/common/download.do?file_no=14327,.reference-data/raw/university-admission-sites/2022/0000073/attachments/0ddbe47900c9cf64.pdf,packages/reference-data/data/public/university-admission-sites/extracted-gap-kwangshin-current-undergrad-hidden-download-20260608/pdf-text/2022/10/1083bcf2dd59a099.txt,manual_review_kwangshin_2022_regular_quota,manual_pdf,recruitment_notice,"2022학년도 광신대학교 정시모집(가군) 신입생 모집요강 공식 PDF. 모집학과 및 모집인원 표: 모집학과 신학과 모집인원 45 계 60, 한국어교육학과 모집인원 4 계 5, 복지상담융합학부 모집인원 34 계 36, 유아교육과 모집인원 10 계 12, 음악학부 모집인원 29 계 34.",118,Protocol C 이후 source candidate에는 잡혔으나 연도 추론 누락으로 recruitment quota draft가 생성되지 않은 2022 공식 모집요강 표를 수동 보강.,needs_human_verification
f26a13627dd942a26a159fe1d503a21d,0000158,울산대학교,2026,2026,AdmissionOfficeEvidence,direct_official_admission_year_evidence,manual_source|official_html,https://www.ulsan.ac.kr/iphak/CMS/Board/Board.do?mCode=MN050,,.reference-data/raw/university-admission-sites/2026/0000158/link-artifacts-gap_homepage_retry_expanded_20260613/a94fda095d7e084c.html,.reference-data/raw/university-admission-sites/2026/0000158/link-artifacts-gap_homepage_retry_expanded_20260613/a94fda095d7e084c.html,direct_office_year_evidence_0000158_2026_local_html,official_html,official_admission_page,2026학년도 대학입학전형시행계획 입학관리팀 2024-04-30,90,로컬 공식 입학처 HTML에서 2026학년도 대학입학전형시행계획 입학관리팀 2024-04-30 확인. 기존 manual_source_discovery 직접 연도 evidence gap 해소용 보강. 확인일: 2026-06-17.,needs_human_verification
f051c6823263fbe4bd6eb5f109bfee1c,0000160,위덕대학교,2025,2025,AdmissionOfficeEvidence,direct_official_admission_year_evidence,manual_source|official_html,https://ipsi.uu.ac.kr/,,.reference-data/raw/university-admission-sites/2025/0000160/admission-homepage.html,.reference-data/raw/university-admission-sites/2025/0000160/admission-homepage.html,direct_office_year_evidence_0000160_2025_local_html,official_html,official_admission_page,2025학년도 신입생 정시모집 입학원서 및 2025학년도 편입학모집 모집요강 공지 노출,90,로컬 공식 입학처 HTML에서 2025학년도 신입생 정시모집 입학원서 및 2025학년도 편입학모집 모집요강 공지 노출 확인. 기존 manual_source_discovery 직접 연도 evidence gap 해소용 보강. 확인일: 2026-06-17.,needs_human_verification
c311a3ccb70ff6ecadc2284e3c10e2e3,0000238,대전신학대학교,2025,2025,AdmissionOfficeEvidence,direct_official_admission_year_evidence,manual_source|official_html,https://ipsi.daejeon.ac.kr/,,.reference-data/raw/university-admission-sites/2025/0000238/admission-homepage.html,.reference-data/raw/university-admission-sites/2025/0000238/admission-homepage.html,direct_office_year_evidence_0000238_2025_local_html,official_html,official_admission_page,2025학년도 대학원 합격자 조회 및 2025학년도 학부 편입학 접수 안내 노출,90,로컬 공식 입학처 HTML에서 2025학년도 대학원 합격자 조회 및 2025학년도 학부 편입학 접수 안내 노출 확인. 기존 manual_source_discovery 직접 연도 evidence gap 해소용 보강. 확인일: 2026-06-17.,needs_human_verification
070110ff55bfecc1894d940f3db1d85e,0000126,서울여자대학교,2026,2026,AdmissionOfficeEvidence,direct_official_admission_year_evidence,manual_source|official_html,http://admission.swu.ac.kr/main.php,,.reference-data/raw/university-admission-sites/2026/0000126/link-artifacts-gap_homepage_links_current_20260608/564990d4a533f3a7.html,.reference-data/raw/university-admission-sites/2026/0000126/link-artifacts-gap_homepage_links_current_20260608/564990d4a533f3a7.html,direct_office_year_evidence_0000126_2026_local_html,official_html,official_admission_page,2026학년도 서울여자대학교 정시모집/수시모집 온라인 입학설명회 공식 페이지,90,로컬 공식 입학처 HTML에서 2026학년도 서울여자대학교 정시모집/수시모집 온라인 입학설명회 공식 페이지 확인. 기존 manual_source_discovery 직접 연도 evidence gap 해소용 보강. 확인일: 2026-06-17.,needs_human_verification
d407a77635b71f4d0f0c7558fb659611,0000205,서울한영대학교,2023,2023,AdmissionOfficeEvidence,direct_official_admission_year_evidence,manual_source|official_html,https://ipsi.shyu.ac.kr/fro_end/html/dep_01/1100.php,,.reference-data/raw/university-admission-sites/2023/0000205/link-artifacts/390a384dda8e25ac.html,.reference-data/raw/university-admission-sites/2023/0000205/link-artifacts/390a384dda8e25ac.html,direct_office_year_evidence_0000205_2023_local_html,official_html,official_admission_page,2023학년도 수시모집 경쟁률 공식 입학처 게시글 목록 노출,90,로컬 공식 입학처 HTML에서 2023학년도 수시모집 경쟁률 공식 입학처 게시글 목록 노출 확인. 기존 manual_source_discovery 직접 연도 evidence gap 해소용 보강. 확인일: 2026-06-17.,needs_human_verification
4980e178faf11046e2679f0d5f18aa72,0000205,서울한영대학교,2024,2024,AdmissionOfficeEvidence,direct_official_admission_year_evidence,manual_source|official_html,https://ipsi.shyu.ac.kr/fro_end/html/dep_01/1100.php,,.reference-data/raw/university-admission-sites/2024/0000205/link-artifacts/390a384dda8e25ac.html,.reference-data/raw/university-admission-sites/2024/0000205/link-artifacts/390a384dda8e25ac.html,direct_office_year_evidence_0000205_2024_local_html,official_html,official_admission_page,2024학년도 수시모집 경쟁률 공식 입학처 게시글 목록 노출,90,로컬 공식 입학처 HTML에서 2024학년도 수시모집 경쟁률 공식 입학처 게시글 목록 노출 확인. 기존 manual_source_discovery 직접 연도 evidence gap 해소용 보강. 확인일: 2026-06-17.,needs_human_verification
3184a8c12056886088c1bad0fc92135b,0000205,서울한영대학교,2022,2022,AdmissionOfficeEvidence,direct_official_admission_year_evidence,manual_source|official_html,https://ipsi.shyu.ac.kr/fro_end/html/dep_01/1100.php,,.reference-data/raw/university-admission-sites/2022/0000205/link-artifacts/390a384dda8e25ac.html,.reference-data/raw/university-admission-sites/2022/0000205/link-artifacts/390a384dda8e25ac.html,direct_office_year_evidence_0000205_2022_local_html,official_html,official_admission_page,2022학년도 수시모집 경쟁률 공식 입학처 게시글 목록 노출,90,로컬 공식 입학처 HTML에서 2022학년도 수시모집 경쟁률 공식 입학처 게시글 목록 노출 확인. 기존 manual_source_discovery 직접 연도 evidence gap 해소용 보강. 확인일: 2026-06-17.,needs_human_verification
4dcb5b08fa56bae37c98132585d062e0,0000158,울산대학교,2022,2022,AdmissionOfficeEvidence,direct_official_admission_year_evidence,manual_source|official_html,http://www.ulsan.ac.kr/iphak/CMS/Board/Board.do?mCode=MN053,,.reference-data/raw/university-admission-sites/2022/0000158/link-artifacts/97c2d7d0816d3713.html,.reference-data/raw/university-admission-sites/2022/0000158/link-artifacts/97c2d7d0816d3713.html,direct_office_year_evidence_0000158_2022_local_html,official_html,official_admission_page,2022학년도 전형별 현황 공식 입학처 결과 페이지 목록 노출,90,로컬 공식 입학처 HTML에서 2022학년도 전형별 현황 공식 입학처 결과 페이지 목록 노출 확인. 기존 manual_source_discovery 직접 연도 evidence gap 해소용 보강. 확인일: 2026-06-17.,needs_human_verification
26ae1c2b04dc17baf5eef224915acae0,0000216,남부대학교,2023,2023,AdmissionOfficeEvidence,direct_official_admission_year_evidence,manual_source|official_html,https://ipsi.nambu.ac.kr/board/IPSI_BOARD_008/boardView.do?menuCd=ipsi005002&bdId=BD_00000000000109757,,.reference-data/raw/university-admission-sites/2023/0000216/attachments/c2e533db51504cbc.html,.reference-data/raw/university-admission-sites/2023/0000216/attachments/c2e533db51504cbc.html,direct_office_year_evidence_0000216_2023_local_html,official_html,official_admission_page,2023학년도 수시모집 합격자 발표 공식 입학처 HTML,90,로컬 공식 입학처 HTML에서 2023학년도 수시모집 합격자 발표 공식 입학처 HTML 확인. 기존 manual_source_discovery 직접 연도 evidence gap 해소용 보강. 확인일: 2026-06-17.,needs_human_verification
522f18cba9987569a381fb43ccf37117,0000140,수원대학교,2021,2021,AdmissionOfficeEvidence,direct_official_admission_year_evidence,manual_source|official_html,https://ipsi.suwon.ac.kr/board/oversea_result,,.reference-data/raw/university-admission-sites/2021/0000140/link-artifacts/78f0c011817837ae.html,.reference-data/raw/university-admission-sites/2021/0000140/link-artifacts/78f0c011817837ae.html,direct_office_year_evidence_0000140_2021_local_html,official_html,official_admission_page,2021학년도 수시 재외국민 지원현황 공식 입학처 게시글,90,로컬 공식 입학처 HTML에서 2021학년도 수시 재외국민 지원현황 공식 입학처 게시글 확인. 기존 manual_source_discovery 직접 연도 evidence gap 해소용 보강. 확인일: 2026-06-17.,needs_human_verification
8d40d6f83c16a3a77746769fb92d65c7,0000140,수원대학교,2022,2022,AdmissionOfficeEvidence,direct_official_admission_year_evidence,manual_source|official_html,https://ipsi.suwon.ac.kr/board/oversea_result,,.reference-data/raw/university-admission-sites/2022/0000140/link-artifacts/78f0c011817837ae.html,.reference-data/raw/university-admission-sites/2022/0000140/link-artifacts/78f0c011817837ae.html,direct_office_year_evidence_0000140_2022_local_html,official_html,official_admission_page,2022학년도 수시 재외국민 지원현황 공식 입학처 게시글,90,로컬 공식 입학처 HTML에서 2022학년도 수시 재외국민 지원현황 공식 입학처 게시글 확인. 기존 manual_source_discovery 직접 연도 evidence gap 해소용 보강. 확인일: 2026-06-17.,needs_human_verification
ytus-0000153-2021-official-regular-quota,0000153,영남신학대학교,2021,2021,AdmissionRule,recruitment_quota_table,manual_source|pdf_text,https://web.archive.org/web/20210122192631id_/http://entra.ytus.ac.kr/html/sub.php?mnucode=0123&code=0123&mode=view&no=14,https://web.archive.org/web/20210302204901id_/http://entra.ytus.ac.kr/cncontents/cnboard/inc/download.html?tblname=0123&fn=9034,.reference-data/raw/university-admission-sites/2021/0000153/attachments/731c9862ee850723.pdf,packages/reference-data/data/public/university-admission-sites/extracted-ytus-archive-regular-20260613/pdf-text/2021/87/87047998ded91747.txt,manual_review_ytus_2021_regular_quota,manual_pdf,recruitment_notice,"2021학년도 영남신학대학교 정시모집요강 공식 PDF. 모집학과 및 모집인원 표: 모집학과 신학과 모집인원 7, 기독교교육학과 모집인원 5, 사회복지학과 모집인원 6, 상담심리학과 모집인원 6, 합계 모집인원 26, 정원외 재외국민 및 외국인 모집인원 2.",118,Protocol C 이후 source candidate에는 잡혔으나 연도 추론 누락으로 recruitment quota draft가 생성되지 않은 2021 공식 모집요강 표를 수동 보강.,needs_human_verification
gwnu-0003363-2023-official-susi-quota,0003363,강원대학교,2027,2023,AdmissionRule,recruitment_quota_table,manual_source|pdf_text,https://iphak.gwnu.ac.kr/iphak/7603/subview.do,https://iphak.gwnu.ac.kr/sites/iphak/download/2023%20susi.pdf,.reference-data/raw/university-admission-sites/2027/0003363/attachments/a4118efdb2e86292.pdf,packages/reference-data/data/public/university-admission-sites/extracted/pdf-text/2027/6a/6a6fd7a1a3880b30.txt,manual_review_gwnu_0003363_2023_susi_quota,manual_pdf,recruitment_notice,"2023학년도 강릉원주대학교 수시모집요강 공식 PDF. 전형유형 및 모집인원: 학생부교과 해람교과 모집인원 673, 지역교과 모집인원 99, 기회균형 모집인원 90, 학생부종합 해람인재 모집인원 504, 지역인재 모집인원 102, 실기 일반 모집인원 98, 체육특기자 모집인원 5, 농어촌 모집인원 44, 특성화고 모집인원 15, 저소득 모집인원 33, 특수교육대상 모집인원 5, 합계 모집인원 1671. 모집단위별 모집인원 표 포함.",128,0003363 2023 gap source candidate가 같은 공식 PDF 묶음을 high로 잡았으나 recruitment quota draft가 생성되지 않아 수동 보강.,needs_human_verification
gwnu-0003364-2023-official-susi-quota,0003364,강원대학교,2027,2023,AdmissionRule,recruitment_quota_table,manual_source|pdf_text,https://iphak.gwnu.ac.kr/iphak/7603/subview.do,https://iphak.gwnu.ac.kr/sites/iphak/download/2023%20susi.pdf,.reference-data/raw/university-admission-sites/2027/0003364/attachments/9a5eb23139252b4f.pdf,packages/reference-data/data/public/university-admission-sites/extracted/pdf-text/2027/6a/6a6fd7a1a3880b30.txt,manual_review_gwnu_0003364_2023_susi_quota,manual_pdf,recruitment_notice,"2023학년도 강릉원주대학교 수시모집요강 공식 PDF. 전형유형 및 모집인원: 학생부교과 해람교과 모집인원 673, 지역교과 모집인원 99, 기회균형 모집인원 90, 학생부종합 해람인재 모집인원 504, 지역인재 모집인원 102, 실기 일반 모집인원 98, 체육특기자 모집인원 5, 농어촌 모집인원 44, 특성화고 모집인원 15, 저소득 모집인원 33, 특수교육대상 모집인원 5, 합계 모집인원 1671. 모집단위별 모집인원 표 포함.",128,0003364 2023 gap source candidate가 같은 공식 PDF 묶음을 high로 잡았으나 recruitment quota draft가 생성되지 않아 수동 보강.,needs_human_verification
